"","Internal.ID","answer","TC3"
"1",24970299,"A remote connection to a Graphical desktop","Sciences and Engineering"
"2",24970299,"Software","Sciences and Engineering"
"3",24984393,"SSH connection and/or terminal","Sciences and Engineering"
"4",24984393,"SSH connection and/or terminal","Sciences and Engineering"
"5",24984393,"API","Sciences and Engineering"
"6",24984393,"API","Sciences and Engineering"
"7",24984393,"Web browser","Sciences and Engineering"
"8",24984393,"Web browser","Sciences and Engineering"
"9",24984393,"Software","Sciences and Engineering"
"10",24984393,"Software","Sciences and Engineering"
"11",24984524,"SSH connection and/or terminal","Health Research"
"12",24984524,"Web browser","Health Research"
"13",24984524,"Software","Health Research"
"14",25004700,"SSH connection and/or terminal","Social Sciences and Humanities"
"15",25005787,"SSH connection and/or terminal","Sciences and Engineering"
"16",25005787,"SSH connection and/or terminal","Health Research"
"17",25005787,"SSH connection and/or terminal","Social Sciences and Humanities"
"18",25005787,"A remote connection to a Graphical desktop","Sciences and Engineering"
"19",25005787,"A remote connection to a Graphical desktop","Health Research"
"20",25005787,"A remote connection to a Graphical desktop","Social Sciences and Humanities"
"21",25005787,"API","Sciences and Engineering"
"22",25005787,"API","Health Research"
"23",25005787,"API","Social Sciences and Humanities"
"24",25005787,"Web browser","Sciences and Engineering"
"25",25005787,"Web browser","Health Research"
"26",25005787,"Web browser","Social Sciences and Humanities"
"27",25005787,"Software","Sciences and Engineering"
"28",25005787,"Software","Health Research"
"29",25005787,"Software","Social Sciences and Humanities"
"30",25034718,"SSH connection and/or terminal","Sciences and Engineering"
"31",25034718,"A remote connection to a Graphical desktop","Sciences and Engineering"
"32",25034718,"Web browser","Sciences and Engineering"
"33",25035982,"SSH connection and/or terminal","Health Research"
"34",25035982,"A remote connection to a Graphical desktop","Health Research"
"35",25035982,"API","Health Research"
"36",25035982,"Web browser","Health Research"
"37",25035982,"Software","Health Research"
"38",25035997,"SSH connection and/or terminal","Sciences and Engineering"
"39",25035997,"SSH connection and/or terminal","Social Sciences and Humanities"
"40",25035997,"A remote connection to a Graphical desktop","Sciences and Engineering"
"41",25035997,"A remote connection to a Graphical desktop","Social Sciences and Humanities"
"42",25035997,"API","Sciences and Engineering"
"43",25035997,"API","Social Sciences and Humanities"
"44",25035997,"Web browser","Sciences and Engineering"
"45",25035997,"Web browser","Social Sciences and Humanities"
"46",25035997,"Software","Sciences and Engineering"
"47",25035997,"Software","Social Sciences and Humanities"
"48",25036169,"Web browser","Sciences and Engineering"
"49",25036169,"Software","Sciences and Engineering"
"50",25038743,"SSH connection and/or terminal","Sciences and Engineering"
"51",25038743,"Web browser","Sciences and Engineering"
"52",25038743,"Software","Sciences and Engineering"
"53",25043215,"Web browser","Health Research"
"54",25043215,"Web browser","Social Sciences and Humanities"
"55",25043215,"Web browser","Other"
"56",25043215,"Software","Health Research"
"57",25043215,"Software","Social Sciences and Humanities"
"58",25043215,"Software","Other"
"59",25043611,"SSH connection and/or terminal","Sciences and Engineering"
"60",25043611,"A remote connection to a Graphical desktop","Sciences and Engineering"
"61",25043611,"API","Sciences and Engineering"
"62",25043611,"Web browser","Sciences and Engineering"
"63",25043611,"Software","Sciences and Engineering"
"64",25043637,"SSH connection and/or terminal","Sciences and Engineering"
"65",25043637,"A remote connection to a Graphical desktop","Sciences and Engineering"
"66",25043637,"Web browser","Sciences and Engineering"
"67",25043637,"Software","Sciences and Engineering"
"68",25044466,"A remote connection to a Graphical desktop","Social Sciences and Humanities"
"69",25044466,"Web browser","Social Sciences and Humanities"
"70",25044466,"Software","Social Sciences and Humanities"
"71",25044709,"Web browser","Sciences and Engineering"
"72",25044709,"Software","Sciences and Engineering"
"73",25045976,"A remote connection to a Graphical desktop","Health Research"
"74",25045976,"A remote connection to a Graphical desktop","Social Sciences and Humanities"
"75",25045976,"Software","Health Research"
"76",25045976,"Software","Social Sciences and Humanities"
"77",25047795,"SSH connection and/or terminal","Sciences and Engineering"
"78",25047795,"A remote connection to a Graphical desktop","Sciences and Engineering"
"79",25047795,"Web browser","Sciences and Engineering"
"80",25047795,"Software","Sciences and Engineering"
"81",25048045,"Software","Social Sciences and Humanities"
"82",25048314,"Web browser","Social Sciences and Humanities"
"83",25048314,"Software","Social Sciences and Humanities"
"84",25048421,"Software","Sciences and Engineering"
"85",25048801,"SSH connection and/or terminal","Sciences and Engineering"
"86",25049733,"SSH connection and/or terminal","Sciences and Engineering"
"87",25049733,"Web browser","Sciences and Engineering"
"88",25049733,"Software","Sciences and Engineering"
"89",25049901,"A remote connection to a Graphical desktop","Social Sciences and Humanities"
"90",25049972,"SSH connection and/or terminal","Sciences and Engineering"
"91",25049972,"SSH connection and/or terminal","Sciences and Engineering"
"92",25049972,"SSH connection and/or terminal","Health Research"
"93",25049972,"SSH connection and/or terminal","Social Sciences and Humanities"
"94",25049972,"A remote connection to a Graphical desktop","Sciences and Engineering"
"95",25049972,"A remote connection to a Graphical desktop","Sciences and Engineering"
"96",25049972,"A remote connection to a Graphical desktop","Health Research"
"97",25049972,"A remote connection to a Graphical desktop","Social Sciences and Humanities"
"98",25049972,"API","Sciences and Engineering"
"99",25049972,"API","Sciences and Engineering"
"100",25049972,"API","Health Research"
"101",25049972,"API","Social Sciences and Humanities"
"102",25049972,"Web browser","Sciences and Engineering"
"103",25049972,"Web browser","Sciences and Engineering"
"104",25049972,"Web browser","Health Research"
"105",25049972,"Web browser","Social Sciences and Humanities"
"106",25049972,"Software","Sciences and Engineering"
"107",25049972,"Software","Sciences and Engineering"
"108",25049972,"Software","Health Research"
"109",25049972,"Software","Social Sciences and Humanities"
"110",25050647,"SSH connection and/or terminal","Sciences and Engineering"
"111",25050647,"SSH connection and/or terminal","Health Research"
"112",25050647,"A remote connection to a Graphical desktop","Sciences and Engineering"
"113",25050647,"A remote connection to a Graphical desktop","Health Research"
"114",25050647,"API","Sciences and Engineering"
"115",25050647,"API","Health Research"
"116",25050647,"Web browser","Sciences and Engineering"
"117",25050647,"Web browser","Health Research"
"118",25050647,"Software","Sciences and Engineering"
"119",25050647,"Software","Health Research"
"120",25054348,"SSH connection and/or terminal","Social Sciences and Humanities"
"121",25054348,"Web browser","Social Sciences and Humanities"
"122",25054348,"Software","Social Sciences and Humanities"
"123",25056461,"A remote connection to a Graphical desktop","Sciences and Engineering"
"124",25056461,"Software","Sciences and Engineering"
"125",25058374,"Software","Social Sciences and Humanities"
"126",25058463,"Software","Social Sciences and Humanities"
"127",25058479,"A remote connection to a Graphical desktop","Sciences and Engineering"
"128",25058479,"Web browser","Sciences and Engineering"
"129",25058479,"Software","Sciences and Engineering"
"130",25058504,"SSH connection and/or terminal","Sciences and Engineering"
"131",25058504,"SSH connection and/or terminal","Health Research"
"132",25059743,"Software","Social Sciences and Humanities"
"133",25059743,"Not sure","Social Sciences and Humanities"
"134",25060110,"SSH connection and/or terminal","Health Research"
"135",25060110,"A remote connection to a Graphical desktop","Health Research"
"136",25060110,"API","Health Research"
"137",25060110,"Web browser","Health Research"
"138",25060110,"Software","Health Research"
"139",25060940,"SSH connection and/or terminal","Sciences and Engineering"
"140",25060940,"A remote connection to a Graphical desktop","Sciences and Engineering"
"141",25060940,"API","Sciences and Engineering"
"142",25060940,"Web browser","Sciences and Engineering"
"143",25060940,"Software","Sciences and Engineering"
"144",25061022,"SSH connection and/or terminal","Sciences and Engineering"
"145",25061022,"A remote connection to a Graphical desktop","Sciences and Engineering"
"146",25061022,"API","Sciences and Engineering"
"147",25061022,"Web browser","Sciences and Engineering"
"148",25061022,"Software","Sciences and Engineering"
"149",25061632,"SSH connection and/or terminal","Sciences and Engineering"
"150",25061632,"SSH connection and/or terminal","Sciences and Engineering"
"151",25061632,"A remote connection to a Graphical desktop","Sciences and Engineering"
"152",25061632,"A remote connection to a Graphical desktop","Sciences and Engineering"
"153",25061632,"API","Sciences and Engineering"
"154",25061632,"API","Sciences and Engineering"
"155",25061632,"Web browser","Sciences and Engineering"
"156",25061632,"Web browser","Sciences and Engineering"
"157",25061632,"Software","Sciences and Engineering"
"158",25061632,"Software","Sciences and Engineering"
"159",25065401,"A remote connection to a Graphical desktop","Social Sciences and Humanities"
"160",25065401,"Web browser","Social Sciences and Humanities"
"161",25065401,"Software","Social Sciences and Humanities"
"162",25066420,"Web browser","Sciences and Engineering"
"163",25066420,"Software","Sciences and Engineering"
"164",25070925,"Web browser","Sciences and Engineering"
"165",25070925,"Web browser","Health Research"
"166",25070925,"Web browser","Sciences and Engineering"
"167",25070925,"Software","Sciences and Engineering"
"168",25070925,"Software","Health Research"
"169",25070925,"Software","Sciences and Engineering"
"170",25072341,"SSH connection and/or terminal","Sciences and Engineering"
"171",25072341,"A remote connection to a Graphical desktop","Sciences and Engineering"
"172",25072341,"API","Sciences and Engineering"
"173",25072341,"Software","Sciences and Engineering"
"174",25072361,"SSH connection and/or terminal","Sciences and Engineering"
"175",25072361,"A remote connection to a Graphical desktop","Sciences and Engineering"
"176",25072361,"Web browser","Sciences and Engineering"
"177",25073093,"SSH connection and/or terminal","Sciences and Engineering"
"178",25073093,"Web browser","Sciences and Engineering"
"179",25073093,"Software","Sciences and Engineering"
"180",25073434,"SSH connection and/or terminal","Sciences and Engineering"
"181",25073434,"A remote connection to a Graphical desktop","Sciences and Engineering"
"182",25073434,"API","Sciences and Engineering"
"183",25073434,"Web browser","Sciences and Engineering"
"184",25073434,"Software","Sciences and Engineering"
"185",25075110,"SSH connection and/or terminal","Sciences and Engineering"
"186",25075110,"A remote connection to a Graphical desktop","Sciences and Engineering"
"187",25075110,"Web browser","Sciences and Engineering"
"188",25075845,"SSH connection and/or terminal","Sciences and Engineering"
"189",25075845,"SSH connection and/or terminal","Health Research"
"190",25075845,"A remote connection to a Graphical desktop","Sciences and Engineering"
"191",25075845,"A remote connection to a Graphical desktop","Health Research"
"192",25075845,"API","Sciences and Engineering"
"193",25075845,"API","Health Research"
"194",25075845,"Web browser","Sciences and Engineering"
"195",25075845,"Web browser","Health Research"
"196",25075845,"Software","Sciences and Engineering"
"197",25075845,"Software","Health Research"
"198",25075996,"SSH connection and/or terminal","Health Research"
"199",25075996,"A remote connection to a Graphical desktop","Health Research"
"200",25075996,"Software","Health Research"
"201",25076079,"SSH connection and/or terminal","Sciences and Engineering"
"202",25076079,"A remote connection to a Graphical desktop","Sciences and Engineering"
"203",25076079,"Web browser","Sciences and Engineering"
"204",25076079,"Software","Sciences and Engineering"
"205",25076413,"SSH connection and/or terminal","Social Sciences and Humanities"
"206",25076413,"A remote connection to a Graphical desktop","Social Sciences and Humanities"
"207",25076413,"API","Social Sciences and Humanities"
"208",25076413,"Software","Social Sciences and Humanities"
"209",25077743,"Web browser","Health Research"
"210",25077743,"Software","Health Research"
"211",25078058,"SSH connection and/or terminal","Sciences and Engineering"
"212",25078058,"SSH connection and/or terminal","Sciences and Engineering"
"213",25078058,"A remote connection to a Graphical desktop","Sciences and Engineering"
"214",25078058,"A remote connection to a Graphical desktop","Sciences and Engineering"
"215",25078058,"API","Sciences and Engineering"
"216",25078058,"API","Sciences and Engineering"
"217",25078058,"Web browser","Sciences and Engineering"
"218",25078058,"Web browser","Sciences and Engineering"
"219",25078058,"Software","Sciences and Engineering"
"220",25078058,"Software","Sciences and Engineering"
"221",25078379,"Web browser","Sciences and Engineering"
"222",25078379,"Web browser","Health Research"
"223",25078379,"Software","Sciences and Engineering"
"224",25078379,"Software","Health Research"
"225",25078567,"SSH connection and/or terminal","Health Research"
"226",25078567,"A remote connection to a Graphical desktop","Health Research"
"227",25078567,"API","Health Research"
"228",25078567,"Web browser","Health Research"
"229",25078567,"Software","Health Research"
"230",25078608,"Web browser","Sciences and Engineering"
"231",25078608,"Software","Sciences and Engineering"
"232",25078642,"Not sure","Sciences and Engineering"
"233",25078691,"SSH connection and/or terminal","Sciences and Engineering"
"234",25078691,"SSH connection and/or terminal","Health Research"
"235",25078691,"A remote connection to a Graphical desktop","Sciences and Engineering"
"236",25078691,"A remote connection to a Graphical desktop","Health Research"
"237",25078691,"API","Sciences and Engineering"
"238",25078691,"API","Health Research"
"239",25078691,"Web browser","Sciences and Engineering"
"240",25078691,"Web browser","Health Research"
"241",25078691,"Software","Sciences and Engineering"
"242",25078691,"Software","Health Research"
"243",25078805,"SSH connection and/or terminal","Sciences and Engineering"
"244",25078805,"A remote connection to a Graphical desktop","Sciences and Engineering"
"245",25078805,"Web browser","Sciences and Engineering"
"246",25078805,"Software","Sciences and Engineering"
"247",25078879,"Web browser","Social Sciences and Humanities"
"248",25079065,"SSH connection and/or terminal","Health Research"
"249",25079065,"A remote connection to a Graphical desktop","Health Research"
"250",25079065,"API","Health Research"
"251",25079065,"Web browser","Health Research"
"252",25079065,"Software","Health Research"
"253",25080210,"SSH connection and/or terminal","Sciences and Engineering"
"254",25080210,"A remote connection to a Graphical desktop","Sciences and Engineering"
"255",25080210,"API","Sciences and Engineering"
"256",25080210,"Web browser","Sciences and Engineering"
"257",25080210,"Software","Sciences and Engineering"
"258",25080398,"SSH connection and/or terminal","Sciences and Engineering"
"259",25080398,"A remote connection to a Graphical desktop","Sciences and Engineering"
"260",25080398,"API","Sciences and Engineering"
"261",25080398,"Web browser","Sciences and Engineering"
"262",25080398,"Software","Sciences and Engineering"
"263",25080958,"Web browser","Sciences and Engineering"
"264",25080958,"Web browser","Sciences and Engineering"
"265",25080958,"Web browser","Social Sciences and Humanities"
"266",25080958,"Software","Sciences and Engineering"
"267",25080958,"Software","Sciences and Engineering"
"268",25080958,"Software","Social Sciences and Humanities"
"269",25086061,"Not sure","Health Research"
"270",25087157,"SSH connection and/or terminal","Health Research"
"271",25087157,"A remote connection to a Graphical desktop","Health Research"
"272",25087157,"Web browser","Health Research"
"273",25087157,"Software","Health Research"
"274",25087475,"SSH connection and/or terminal","Social Sciences and Humanities"
"275",25087475,"Web browser","Social Sciences and Humanities"
"276",25087475,"Software","Social Sciences and Humanities"
"277",25088130,"Web browser","Social Sciences and Humanities"
"278",25088130,"Web browser","Other"
"279",25088130,"Software","Social Sciences and Humanities"
"280",25088130,"Software","Other"
"281",25088139,"Web browser","Social Sciences and Humanities"
"282",25088139,"Software","Social Sciences and Humanities"
"283",25088147,"SSH connection and/or terminal","Sciences and Engineering"
"284",25088147,"A remote connection to a Graphical desktop","Sciences and Engineering"
"285",25088147,"API","Sciences and Engineering"
"286",25088147,"Web browser","Sciences and Engineering"
"287",25088147,"Software","Sciences and Engineering"
"288",25088858,"SSH connection and/or terminal","Sciences and Engineering"
"289",25088858,"A remote connection to a Graphical desktop","Sciences and Engineering"
"290",25088858,"Web browser","Sciences and Engineering"
"291",25088858,"Software","Sciences and Engineering"
"292",25088984,"Web browser","Social Sciences and Humanities"
"293",25088984,"Software","Social Sciences and Humanities"
"294",25088990,"SSH connection and/or terminal","Social Sciences and Humanities"
"295",25088990,"A remote connection to a Graphical desktop","Social Sciences and Humanities"
"296",25088990,"Web browser","Social Sciences and Humanities"
"297",25088990,"Software","Social Sciences and Humanities"
"298",25089719,"SSH connection and/or terminal","Health Research"
"299",25089719,"A remote connection to a Graphical desktop","Health Research"
"300",25089719,"API","Health Research"
"301",25089719,"Web browser","Health Research"
"302",25089719,"Software","Health Research"
"303",25089933,"SSH connection and/or terminal","Sciences and Engineering"
"304",25089933,"A remote connection to a Graphical desktop","Sciences and Engineering"
"305",25089933,"API","Sciences and Engineering"
"306",25089933,"Web browser","Sciences and Engineering"
"307",25089933,"Software","Sciences and Engineering"
"308",25089996,"Web browser","Social Sciences and Humanities"
"309",25089996,"Software","Social Sciences and Humanities"
"310",25090089,"SSH connection and/or terminal","Social Sciences and Humanities"
"311",25090392,"SSH connection and/or terminal","Sciences and Engineering"
"312",25090392,"Not sure","Sciences and Engineering"
"313",25099125,"SSH connection and/or terminal","Sciences and Engineering"
"314",25099125,"SSH connection and/or terminal","Health Research"
"315",25099125,"A remote connection to a Graphical desktop","Sciences and Engineering"
"316",25099125,"A remote connection to a Graphical desktop","Health Research"
"317",25099125,"Web browser","Sciences and Engineering"
"318",25099125,"Web browser","Health Research"
"319",25099125,"Software","Sciences and Engineering"
"320",25099125,"Software","Health Research"
"321",25100890,"Web browser","Sciences and Engineering"
"322",25100890,"Web browser","Health Research"
"323",25100890,"Software","Sciences and Engineering"
"324",25100890,"Software","Health Research"
"325",25102501,"A remote connection to a Graphical desktop","Health Research"
"326",25102501,"Web browser","Health Research"
"327",25102501,"Software","Health Research"
"328",25103335,"A remote connection to a Graphical desktop","Social Sciences and Humanities"
"329",25103335,"Web browser","Social Sciences and Humanities"
"330",25103335,"Software","Social Sciences and Humanities"
"331",25103335,"Not sure","Social Sciences and Humanities"
"332",25104373,"SSH connection and/or terminal","Sciences and Engineering"
"333",25104373,"A remote connection to a Graphical desktop","Sciences and Engineering"
"334",25104373,"Web browser","Sciences and Engineering"
"335",25104373,"Software","Sciences and Engineering"
"336",25113608,"Software","Social Sciences and Humanities"
"337",25113850,"Web browser","Social Sciences and Humanities"
"338",25113850,"Software","Social Sciences and Humanities"
"339",25114034,"SSH connection and/or terminal","Social Sciences and Humanities"
"340",25114034,"A remote connection to a Graphical desktop","Social Sciences and Humanities"
"341",25114034,"Web browser","Social Sciences and Humanities"
"342",25114034,"Software","Social Sciences and Humanities"
"343",25114456,"SSH connection and/or terminal","Social Sciences and Humanities"
"344",25114456,"API","Social Sciences and Humanities"
"345",25114456,"Web browser","Social Sciences and Humanities"
"346",25114456,"Software","Social Sciences and Humanities"
"347",25115628,"SSH connection and/or terminal","Social Sciences and Humanities"
"348",25115628,"A remote connection to a Graphical desktop","Social Sciences and Humanities"
"349",25115628,"API","Social Sciences and Humanities"
"350",25115628,"Web browser","Social Sciences and Humanities"
"351",25115628,"Software","Social Sciences and Humanities"
"352",25116195,"SSH connection and/or terminal","Sciences and Engineering"
"353",25116782,"SSH connection and/or terminal","Social Sciences and Humanities"
"354",25116782,"A remote connection to a Graphical desktop","Social Sciences and Humanities"
"355",25116782,"Web browser","Social Sciences and Humanities"
"356",25116782,"Software","Social Sciences and Humanities"
"357",25119939,"SSH connection and/or terminal","Social Sciences and Humanities"
"358",25119939,"A remote connection to a Graphical desktop","Social Sciences and Humanities"
"359",25119939,"Web browser","Social Sciences and Humanities"
"360",25119939,"Software","Social Sciences and Humanities"
"361",25120481,"SSH connection and/or terminal","Health Research"
"362",25120481,"A remote connection to a Graphical desktop","Health Research"
"363",25120481,"Web browser","Health Research"
"364",25120481,"Software","Health Research"
"365",25126570,"API","Social Sciences and Humanities"
"366",25126570,"Web browser","Social Sciences and Humanities"
"367",25126570,"Software","Social Sciences and Humanities"
"368",25133606,"SSH connection and/or terminal","Sciences and Engineering"
"369",25133606,"A remote connection to a Graphical desktop","Sciences and Engineering"
"370",25133606,"Web browser","Sciences and Engineering"
"371",25133606,"Software","Sciences and Engineering"
"372",25147907,"SSH connection and/or terminal","Social Sciences and Humanities"
"373",25147907,"A remote connection to a Graphical desktop","Social Sciences and Humanities"
"374",25147907,"API","Social Sciences and Humanities"
"375",25147907,"Web browser","Social Sciences and Humanities"
"376",25147907,"Software","Social Sciences and Humanities"
"377",25158319,"SSH connection and/or terminal","Sciences and Engineering"
"378",25158319,"Web browser","Sciences and Engineering"
"379",25158319,"Software","Sciences and Engineering"
"380",25160707,"SSH connection and/or terminal","Sciences and Engineering"
"381",25160707,"A remote connection to a Graphical desktop","Sciences and Engineering"
"382",25160707,"API","Sciences and Engineering"
"383",25160707,"Web browser","Sciences and Engineering"
"384",25160707,"Software","Sciences and Engineering"
"385",25163364,"Software","Social Sciences and Humanities"
"386",25169400,"SSH connection and/or terminal","Sciences and Engineering"
"387",25172694,"SSH connection and/or terminal","Sciences and Engineering"
"388",25172694,"SSH connection and/or terminal","Health Research"
"389",25172694,"A remote connection to a Graphical desktop","Sciences and Engineering"
"390",25172694,"A remote connection to a Graphical desktop","Health Research"
"391",25172694,"API","Sciences and Engineering"
"392",25172694,"API","Health Research"
"393",25172694,"Web browser","Sciences and Engineering"
"394",25172694,"Web browser","Health Research"
"395",25182274,"SSH connection and/or terminal","Social Sciences and Humanities"
"396",25182274,"API","Social Sciences and Humanities"
"397",25182274,"Web browser","Social Sciences and Humanities"
"398",25182277,"API","Sciences and Engineering"
"399",25182277,"API","Health Research"
"400",25182277,"Web browser","Sciences and Engineering"
"401",25182277,"Web browser","Health Research"
"402",25182277,"Software","Sciences and Engineering"
"403",25182277,"Software","Health Research"
"404",25185056,"SSH connection and/or terminal","Sciences and Engineering"
"405",25185827,"SSH connection and/or terminal","Sciences and Engineering"
"406",25185827,"A remote connection to a Graphical desktop","Sciences and Engineering"
"407",25185827,"API","Sciences and Engineering"
"408",25185827,"Web browser","Sciences and Engineering"
"409",25185827,"Software","Sciences and Engineering"
"410",25185855,"SSH connection and/or terminal","Sciences and Engineering"
"411",25185855,"A remote connection to a Graphical desktop","Sciences and Engineering"
"412",25185855,"Web browser","Sciences and Engineering"
"413",25186640,"A remote connection to a Graphical desktop","Sciences and Engineering"
"414",25186640,"A remote connection to a Graphical desktop","Sciences and Engineering"
"415",25186640,"A remote connection to a Graphical desktop","Health Research"
"416",25186640,"API","Sciences and Engineering"
"417",25186640,"API","Sciences and Engineering"
"418",25186640,"API","Health Research"
"419",25186640,"Web browser","Sciences and Engineering"
"420",25186640,"Web browser","Sciences and Engineering"
"421",25186640,"Web browser","Health Research"
"422",25186640,"Software","Sciences and Engineering"
"423",25186640,"Software","Sciences and Engineering"
"424",25186640,"Software","Health Research"
"425",25187254,"Not sure","Sciences and Engineering"
"426",25193223,"SSH connection and/or terminal","Sciences and Engineering"
"427",25193223,"API","Sciences and Engineering"
"428",25193223,"Web browser","Sciences and Engineering"
"429",25193223,"Software","Sciences and Engineering"
"430",25196954,"A remote connection to a Graphical desktop","Social Sciences and Humanities"
"431",25196954,"Web browser","Social Sciences and Humanities"
"432",25196954,"Software","Social Sciences and Humanities"
"433",25206627,"SSH connection and/or terminal","Health Research"
"434",25206627,"A remote connection to a Graphical desktop","Health Research"
"435",25206627,"API","Health Research"
"436",25206627,"Web browser","Health Research"
"437",25206627,"Software","Health Research"
"438",25214105,"SSH connection and/or terminal","Sciences and Engineering"
"439",25214105,"A remote connection to a Graphical desktop","Sciences and Engineering"
"440",25214105,"Software","Sciences and Engineering"
"441",25214491,"SSH connection and/or terminal","Social Sciences and Humanities"
"442",25214491,"A remote connection to a Graphical desktop","Social Sciences and Humanities"
"443",25214491,"Web browser","Social Sciences and Humanities"
"444",25214491,"Software","Social Sciences and Humanities"
"445",25222752,"SSH connection and/or terminal","Health Research"
"446",25222752,"Software","Health Research"
"447",25224155,"SSH connection and/or terminal","Sciences and Engineering"
"448",25224155,"SSH connection and/or terminal","Sciences and Engineering"
"449",25224155,"SSH connection and/or terminal","Health Research"
"450",25224155,"Web browser","Sciences and Engineering"
"451",25224155,"Web browser","Sciences and Engineering"
"452",25224155,"Web browser","Health Research"
"453",25224155,"Software","Sciences and Engineering"
"454",25224155,"Software","Sciences and Engineering"
"455",25224155,"Software","Health Research"
"456",25224545,"SSH connection and/or terminal","Health Research"
"457",25224545,"Software","Health Research"
"458",25224594,"SSH connection and/or terminal","Sciences and Engineering"
"459",25224594,"SSH connection and/or terminal","Sciences and Engineering"
"460",25224616,"SSH connection and/or terminal","Sciences and Engineering"
"461",25224616,"A remote connection to a Graphical desktop","Sciences and Engineering"
"462",25224814,"SSH connection and/or terminal","Sciences and Engineering"
"463",25224814,"SSH connection and/or terminal","Health Research"
"464",25224814,"Software","Sciences and Engineering"
"465",25224814,"Software","Health Research"
"466",25227259,"SSH connection and/or terminal","Health Research"
"467",25227259,"A remote connection to a Graphical desktop","Health Research"
"468",25227259,"API","Health Research"
"469",25227259,"Web browser","Health Research"
"470",25227259,"Software","Health Research"
"471",25228799,"SSH connection and/or terminal","Sciences and Engineering"
"472",25235983,"SSH connection and/or terminal","Sciences and Engineering"
"473",25235983,"SSH connection and/or terminal","Social Sciences and Humanities"
"474",25235983,"A remote connection to a Graphical desktop","Sciences and Engineering"
"475",25235983,"A remote connection to a Graphical desktop","Social Sciences and Humanities"
"476",25235983,"API","Sciences and Engineering"
"477",25235983,"API","Social Sciences and Humanities"
"478",25235983,"Web browser","Sciences and Engineering"
"479",25235983,"Web browser","Social Sciences and Humanities"
"480",25235983,"Software","Sciences and Engineering"
"481",25235983,"Software","Social Sciences and Humanities"
"482",25250932,"SSH connection and/or terminal","Sciences and Engineering"
"483",25250932,"API","Sciences and Engineering"
"484",25250932,"Web browser","Sciences and Engineering"
"485",25254267,"Web browser","Health Research"
"486",25254267,"Web browser","Sciences and Engineering"
"487",25261404,"Web browser","Health Research"
"488",25261404,"Software","Health Research"
"489",25262429,"SSH connection and/or terminal","Sciences and Engineering"
"490",25262429,"A remote connection to a Graphical desktop","Sciences and Engineering"
"491",25262429,"Web browser","Sciences and Engineering"
"492",25262693,"A remote connection to a Graphical desktop","Sciences and Engineering"
"493",25262693,"API","Sciences and Engineering"
"494",25262693,"Software","Sciences and Engineering"
"495",25271669,"SSH connection and/or terminal","Sciences and Engineering"
"496",25271669,"A remote connection to a Graphical desktop","Sciences and Engineering"
"497",25271669,"Web browser","Sciences and Engineering"
"498",25271669,"Software","Sciences and Engineering"
"499",25272086,"SSH connection and/or terminal","Sciences and Engineering"
"500",25272086,"A remote connection to a Graphical desktop","Sciences and Engineering"
"501",25272086,"API","Sciences and Engineering"
"502",25272086,"Web browser","Sciences and Engineering"
"503",25272086,"Software","Sciences and Engineering"
"504",25275391,"A remote connection to a Graphical desktop","Health Research"
"505",25275391,"Software","Health Research"
"506",25276418,"Web browser","Sciences and Engineering"
"507",25276418,"Software","Sciences and Engineering"
"508",25277171,"SSH connection and/or terminal","Social Sciences and Humanities"
"509",25277171,"A remote connection to a Graphical desktop","Social Sciences and Humanities"
"510",25277171,"API","Social Sciences and Humanities"
"511",25277171,"Web browser","Social Sciences and Humanities"
"512",25277171,"Software","Social Sciences and Humanities"
"513",25283239,"SSH connection and/or terminal","Sciences and Engineering"
"514",25283239,"SSH connection and/or terminal","Health Research"
"515",25283239,"A remote connection to a Graphical desktop","Sciences and Engineering"
"516",25283239,"A remote connection to a Graphical desktop","Health Research"
"517",25283239,"Web browser","Sciences and Engineering"
"518",25283239,"Web browser","Health Research"
"519",25283239,"Software","Sciences and Engineering"
"520",25283239,"Software","Health Research"
"521",25288280,"SSH connection and/or terminal","Social Sciences and Humanities"
"522",25290657,"SSH connection and/or terminal","Sciences and Engineering"
"523",25290657,"A remote connection to a Graphical desktop","Sciences and Engineering"
"524",25290657,"API","Sciences and Engineering"
"525",25290657,"Web browser","Sciences and Engineering"
"526",25290657,"Software","Sciences and Engineering"
"527",25290700,"SSH connection and/or terminal","Sciences and Engineering"
"528",25290839,"SSH connection and/or terminal","Sciences and Engineering"
"529",25290839,"A remote connection to a Graphical desktop","Sciences and Engineering"
"530",25291133,"SSH connection and/or terminal","Sciences and Engineering"
"531",25291133,"SSH connection and/or terminal","Health Research"
"532",25291133,"Software","Sciences and Engineering"
"533",25291133,"Software","Health Research"
"534",25291908,"SSH connection and/or terminal","Health Research"
"535",25291908,"API","Health Research"
"536",25291908,"Web browser","Health Research"
"537",25291908,"Software","Health Research"
"538",25295225,"SSH connection and/or terminal","Sciences and Engineering"
"539",25295225,"SSH connection and/or terminal","Health Research"
"540",25295225,"A remote connection to a Graphical desktop","Sciences and Engineering"
"541",25295225,"A remote connection to a Graphical desktop","Health Research"
"542",25295225,"API","Sciences and Engineering"
"543",25295225,"API","Health Research"
"544",25295225,"Web browser","Sciences and Engineering"
"545",25295225,"Web browser","Health Research"
"546",25295225,"Software","Sciences and Engineering"
"547",25295225,"Software","Health Research"
"548",25297364,"SSH connection and/or terminal","Sciences and Engineering"
"549",25297364,"Web browser","Sciences and Engineering"
"550",25301139,"SSH connection and/or terminal","Sciences and Engineering"
"551",25301139,"A remote connection to a Graphical desktop","Sciences and Engineering"
"552",25301139,"Web browser","Sciences and Engineering"
"553",25301139,"Software","Sciences and Engineering"
"554",25301920,"Web browser","Social Sciences and Humanities"
"555",25301920,"Software","Social Sciences and Humanities"
"556",25303944,"SSH connection and/or terminal","Social Sciences and Humanities"
"557",25303944,"A remote connection to a Graphical desktop","Social Sciences and Humanities"
"558",25303944,"API","Social Sciences and Humanities"
"559",25303944,"Web browser","Social Sciences and Humanities"
"560",25303944,"Software","Social Sciences and Humanities"
"561",25305329,"A remote connection to a Graphical desktop","Sciences and Engineering"
"562",25305329,"Software","Sciences and Engineering"
"563",25307902,"SSH connection and/or terminal","Health Research"
"564",25307902,"A remote connection to a Graphical desktop","Health Research"
"565",25307902,"API","Health Research"
"566",25307902,"Web browser","Health Research"
"567",25307902,"Software","Health Research"
"568",25317056,"SSH connection and/or terminal","Sciences and Engineering"
"569",25317056,"SSH connection and/or terminal","Social Sciences and Humanities"
"570",25317056,"SSH connection and/or terminal","Social Sciences and Humanities"
"571",25317056,"A remote connection to a Graphical desktop","Sciences and Engineering"
"572",25317056,"A remote connection to a Graphical desktop","Social Sciences and Humanities"
"573",25317056,"A remote connection to a Graphical desktop","Social Sciences and Humanities"
"574",25317056,"API","Sciences and Engineering"
"575",25317056,"API","Social Sciences and Humanities"
"576",25317056,"API","Social Sciences and Humanities"
"577",25317056,"Web browser","Sciences and Engineering"
"578",25317056,"Web browser","Social Sciences and Humanities"
"579",25317056,"Web browser","Social Sciences and Humanities"
"580",25317056,"Software","Sciences and Engineering"
"581",25317056,"Software","Social Sciences and Humanities"
"582",25317056,"Software","Social Sciences and Humanities"
"583",25339640,"SSH connection and/or terminal","Sciences and Engineering"
"584",25339640,"A remote connection to a Graphical desktop","Sciences and Engineering"
"585",25339640,"Software","Sciences and Engineering"
"586",25340973,"A remote connection to a Graphical desktop","Sciences and Engineering"
"587",25340973,"A remote connection to a Graphical desktop","Sciences and Engineering"
"588",25340973,"API","Sciences and Engineering"
"589",25340973,"API","Sciences and Engineering"
"590",25340973,"Web browser","Sciences and Engineering"
"591",25340973,"Web browser","Sciences and Engineering"
"592",25340973,"Software","Sciences and Engineering"
"593",25340973,"Software","Sciences and Engineering"
"594",25352580,"API","Social Sciences and Humanities"
"595",25352580,"Web browser","Social Sciences and Humanities"
"596",25352580,"Software","Social Sciences and Humanities"
"597",25355226,"A remote connection to a Graphical desktop","Social Sciences and Humanities"
"598",25355226,"Web browser","Social Sciences and Humanities"
"599",25355226,"Software","Social Sciences and Humanities"
"600",25355509,"SSH connection and/or terminal","Health Research"
"601",25355509,"A remote connection to a Graphical desktop","Health Research"
"602",25355509,"API","Health Research"
"603",25355509,"Web browser","Health Research"
"604",25366279,"SSH connection and/or terminal","Sciences and Engineering"
"605",25366279,"SSH connection and/or terminal","Sciences and Engineering"
"606",25366279,"SSH connection and/or terminal","Sciences and Engineering"
"607",25366279,"A remote connection to a Graphical desktop","Sciences and Engineering"
"608",25366279,"A remote connection to a Graphical desktop","Sciences and Engineering"
"609",25366279,"A remote connection to a Graphical desktop","Sciences and Engineering"
"610",25366279,"Web browser","Sciences and Engineering"
"611",25366279,"Web browser","Sciences and Engineering"
"612",25366279,"Web browser","Sciences and Engineering"
"613",25366279,"Software","Sciences and Engineering"
"614",25366279,"Software","Sciences and Engineering"
"615",25366279,"Software","Sciences and Engineering"
"616",25367384,"Web browser","Health Research"
"617",25367384,"Software","Health Research"
"618",25367488,"A remote connection to a Graphical desktop","Sciences and Engineering"
"619",25367488,"Web browser","Sciences and Engineering"
"620",25367488,"Software","Sciences and Engineering"
"621",25371165,"A remote connection to a Graphical desktop","Health Research"
"622",25371165,"Web browser","Health Research"
"623",25371165,"Software","Health Research"
"624",25371346,"Software","Sciences and Engineering"
"625",25371346,"Software","Sciences and Engineering"
"626",25382335,"SSH connection and/or terminal","Sciences and Engineering"
"627",25382335,"SSH connection and/or terminal","Social Sciences and Humanities"
"628",25382335,"A remote connection to a Graphical desktop","Sciences and Engineering"
"629",25382335,"A remote connection to a Graphical desktop","Social Sciences and Humanities"
"630",25382335,"API","Sciences and Engineering"
"631",25382335,"API","Social Sciences and Humanities"
"632",25382335,"Web browser","Sciences and Engineering"
"633",25382335,"Web browser","Social Sciences and Humanities"
"634",25382335,"Software","Sciences and Engineering"
"635",25382335,"Software","Social Sciences and Humanities"
"636",25382517,"SSH connection and/or terminal","Sciences and Engineering"
"637",25382517,"A remote connection to a Graphical desktop","Sciences and Engineering"
"638",25382517,"Software","Sciences and Engineering"
"639",25382718,"A remote connection to a Graphical desktop","Sciences and Engineering"
"640",25382718,"Software","Sciences and Engineering"
"641",25399285,"SSH connection and/or terminal","Sciences and Engineering"
"642",25399285,"A remote connection to a Graphical desktop","Sciences and Engineering"
"643",25399285,"Web browser","Sciences and Engineering"
"644",25399285,"Software","Sciences and Engineering"
"645",25403062,"SSH connection and/or terminal","Health Research"
"646",25406793,"A remote connection to a Graphical desktop","Social Sciences and Humanities"
"647",25406793,"Web browser","Social Sciences and Humanities"
"648",25406793,"Software","Social Sciences and Humanities"
"649",25035903,"SSH connection and/or terminal","Sciences and Engineering"
"650",25035903,"API","Sciences and Engineering"
"651",25035903,"Web browser","Sciences and Engineering"
"652",25035903,"Software","Sciences and Engineering"
"653",25036445,"SSH connection and/or terminal","Sciences and Engineering"
"654",25036445,"SSH connection and/or terminal","Other"
"655",25036445,"A remote connection to a Graphical desktop","Sciences and Engineering"
"656",25036445,"A remote connection to a Graphical desktop","Other"
"657",25036445,"API","Sciences and Engineering"
"658",25036445,"API","Other"
"659",25036445,"Web browser","Sciences and Engineering"
"660",25036445,"Web browser","Other"
"661",25036445,"Software","Sciences and Engineering"
"662",25036445,"Software","Other"
"663",25037963,"SSH connection and/or terminal","Sciences and Engineering"
"664",25037963,"SSH connection and/or terminal","Sciences and Engineering"
"665",25037963,"API","Sciences and Engineering"
"666",25037963,"API","Sciences and Engineering"
"667",25037963,"Web browser","Sciences and Engineering"
"668",25037963,"Web browser","Sciences and Engineering"
"669",25042362,"SSH connection and/or terminal","Sciences and Engineering"
"670",25042362,"SSH connection and/or terminal","Sciences and Engineering"
"671",25042362,"SSH connection and/or terminal","Health Research"
"672",25042362,"SSH connection and/or terminal","Sciences and Engineering"
"673",25042362,"SSH connection and/or terminal","Social Sciences and Humanities"
"674",25042362,"SSH connection and/or terminal","Social Sciences and Humanities"
"675",25042362,"SSH connection and/or terminal","Other"
"676",25042362,"A remote connection to a Graphical desktop","Sciences and Engineering"
"677",25042362,"A remote connection to a Graphical desktop","Sciences and Engineering"
"678",25042362,"A remote connection to a Graphical desktop","Health Research"
"679",25042362,"A remote connection to a Graphical desktop","Sciences and Engineering"
"680",25042362,"A remote connection to a Graphical desktop","Social Sciences and Humanities"
"681",25042362,"A remote connection to a Graphical desktop","Social Sciences and Humanities"
"682",25042362,"A remote connection to a Graphical desktop","Other"
"683",25042362,"API","Sciences and Engineering"
"684",25042362,"API","Sciences and Engineering"
"685",25042362,"API","Health Research"
"686",25042362,"API","Sciences and Engineering"
"687",25042362,"API","Social Sciences and Humanities"
"688",25042362,"API","Social Sciences and Humanities"
"689",25042362,"API","Other"
"690",25042362,"Web browser","Sciences and Engineering"
"691",25042362,"Web browser","Sciences and Engineering"
"692",25042362,"Web browser","Health Research"
"693",25042362,"Web browser","Sciences and Engineering"
"694",25042362,"Web browser","Social Sciences and Humanities"
"695",25042362,"Web browser","Social Sciences and Humanities"
"696",25042362,"Web browser","Other"
"697",25042362,"Software","Sciences and Engineering"
"698",25042362,"Software","Sciences and Engineering"
"699",25042362,"Software","Health Research"
"700",25042362,"Software","Sciences and Engineering"
"701",25042362,"Software","Social Sciences and Humanities"
"702",25042362,"Software","Social Sciences and Humanities"
"703",25042362,"Software","Other"
"704",25042914,"API",NA
"705",25042914,"Web browser",NA
"706",25043619,"Web browser","Health Research"
"707",25043619,"Software","Health Research"
"708",25060051,"SSH connection and/or terminal",NA
"709",25062571,"A remote connection to a Graphical desktop","Social Sciences and Humanities"
"710",25062571,"Web browser","Social Sciences and Humanities"
"711",25062571,"Software","Social Sciences and Humanities"
"712",25064456,"Web browser","Social Sciences and Humanities"
"713",25064456,"Software","Social Sciences and Humanities"
"714",25075034,"SSH connection and/or terminal","Sciences and Engineering"
"715",25075034,"SSH connection and/or terminal","Sciences and Engineering"
"716",25075034,"A remote connection to a Graphical desktop","Sciences and Engineering"
"717",25075034,"A remote connection to a Graphical desktop","Sciences and Engineering"
"718",25075034,"API","Sciences and Engineering"
"719",25075034,"API","Sciences and Engineering"
"720",25075034,"Web browser","Sciences and Engineering"
"721",25075034,"Web browser","Sciences and Engineering"
"722",25075034,"Software","Sciences and Engineering"
"723",25075034,"Software","Sciences and Engineering"
"724",25078276,"SSH connection and/or terminal","Sciences and Engineering"
"725",25078276,"Software","Sciences and Engineering"
"726",25110280,"SSH connection and/or terminal",NA
"727",25110280,"A remote connection to a Graphical desktop",NA
"728",25110280,"API",NA
"729",25110280,"Web browser",NA
"730",25110280,"Software",NA
"731",25123973,"Software","Social Sciences and Humanities"
"732",25129548,"API","Health Research"
"733",25129548,"Web browser","Health Research"
"734",25129548,"Software","Health Research"
"735",25169416,"Web browser","Social Sciences and Humanities"
"736",25169416,"Software","Social Sciences and Humanities"
"737",25206196,"SSH connection and/or terminal","Sciences and Engineering"
"738",25206196,"A remote connection to a Graphical desktop","Sciences and Engineering"
"739",25206196,"API","Sciences and Engineering"
"740",25206196,"Web browser","Sciences and Engineering"
"741",25206196,"Software","Sciences and Engineering"
"742",25266234,"A remote connection to a Graphical desktop",NA
"743",25266234,"Web browser",NA
"744",25266234,"Software",NA
"745",25269151,"SSH connection and/or terminal","Other"
"746",25269151,"A remote connection to a Graphical desktop","Other"
"747",25269151,"API","Other"
"748",25269151,"Web browser","Other"
"749",25269151,"Software","Other"
"750",25274937,"SSH connection and/or terminal","Sciences and Engineering"
"751",25274937,"SSH connection and/or terminal","Sciences and Engineering"
"752",25274937,"SSH connection and/or terminal","Health Research"
"753",25274937,"SSH connection and/or terminal","Sciences and Engineering"
"754",25274937,"SSH connection and/or terminal","Social Sciences and Humanities"
"755",25274937,"SSH connection and/or terminal","Social Sciences and Humanities"
"756",25274937,"A remote connection to a Graphical desktop","Sciences and Engineering"
"757",25274937,"A remote connection to a Graphical desktop","Sciences and Engineering"
"758",25274937,"A remote connection to a Graphical desktop","Health Research"
"759",25274937,"A remote connection to a Graphical desktop","Sciences and Engineering"
"760",25274937,"A remote connection to a Graphical desktop","Social Sciences and Humanities"
"761",25274937,"A remote connection to a Graphical desktop","Social Sciences and Humanities"
"762",25274937,"API","Sciences and Engineering"
"763",25274937,"API","Sciences and Engineering"
"764",25274937,"API","Health Research"
"765",25274937,"API","Sciences and Engineering"
"766",25274937,"API","Social Sciences and Humanities"
"767",25274937,"API","Social Sciences and Humanities"
"768",25274937,"Web browser","Sciences and Engineering"
"769",25274937,"Web browser","Sciences and Engineering"
"770",25274937,"Web browser","Health Research"
"771",25274937,"Web browser","Sciences and Engineering"
"772",25274937,"Web browser","Social Sciences and Humanities"
"773",25274937,"Web browser","Social Sciences and Humanities"
"774",25274937,"Software","Sciences and Engineering"
"775",25274937,"Software","Sciences and Engineering"
"776",25274937,"Software","Health Research"
"777",25274937,"Software","Sciences and Engineering"
"778",25274937,"Software","Social Sciences and Humanities"
"779",25274937,"Software","Social Sciences and Humanities"
"780",25297783,"SSH connection and/or terminal","Social Sciences and Humanities"
"781",25297783,"A remote connection to a Graphical desktop","Social Sciences and Humanities"
"782",25297783,"API","Social Sciences and Humanities"
"783",25297783,"Web browser","Social Sciences and Humanities"
"784",25297783,"Software","Social Sciences and Humanities"
"785",25354659,"A remote connection to a Graphical desktop","Sciences and Engineering"
"786",25354659,"A remote connection to a Graphical desktop","Sciences and Engineering"
"787",25354659,"A remote connection to a Graphical desktop","Health Research"
"788",25354659,"A remote connection to a Graphical desktop","Social Sciences and Humanities"
"789",25354659,"A remote connection to a Graphical desktop","Social Sciences and Humanities"
"790",25354659,"A remote connection to a Graphical desktop","Other"
"791",25354659,"Web browser","Sciences and Engineering"
"792",25354659,"Web browser","Sciences and Engineering"
"793",25354659,"Web browser","Health Research"
"794",25354659,"Web browser","Social Sciences and Humanities"
"795",25354659,"Web browser","Social Sciences and Humanities"
"796",25354659,"Web browser","Other"
"797",25354659,"Software","Sciences and Engineering"
"798",25354659,"Software","Sciences and Engineering"
"799",25354659,"Software","Health Research"
"800",25354659,"Software","Social Sciences and Humanities"
"801",25354659,"Software","Social Sciences and Humanities"
"802",25354659,"Software","Other"
"803",25406335,"SSH connection and/or terminal","Social Sciences and Humanities"
"804",25406335,"Web browser","Social Sciences and Humanities"
"805",25035154,"SSH connection and/or terminal","Sciences and Engineering"
"806",25035154,"Software","Sciences and Engineering"
"807",25038027,"API","Sciences and Engineering"
"808",25038027,"Web browser","Sciences and Engineering"
"809",25038877,"SSH connection and/or terminal","Health Research"
"810",25038877,"A remote connection to a Graphical desktop","Health Research"
"811",25038877,"API","Health Research"
"812",25038877,"Web browser","Health Research"
"813",25042311,"A remote connection to a Graphical desktop","Health Research"
"814",25042311,"A remote connection to a Graphical desktop","Social Sciences and Humanities"
"815",25042311,"API","Health Research"
"816",25042311,"API","Social Sciences and Humanities"
"817",25042311,"Web browser","Health Research"
"818",25042311,"Web browser","Social Sciences and Humanities"
"819",25042311,"Software","Health Research"
"820",25042311,"Software","Social Sciences and Humanities"
"821",25050487,"A remote connection to a Graphical desktop","Social Sciences and Humanities"
"822",25050487,"A remote connection to a Graphical desktop","Social Sciences and Humanities"
"823",25050487,"A remote connection to a Graphical desktop","Other"
"824",25050487,"Web browser","Social Sciences and Humanities"
"825",25050487,"Web browser","Social Sciences and Humanities"
"826",25050487,"Web browser","Other"
"827",25050487,"Software","Social Sciences and Humanities"
"828",25050487,"Software","Social Sciences and Humanities"
"829",25050487,"Software","Other"
"830",25059216,"SSH connection and/or terminal","Health Research"
"831",25059216,"A remote connection to a Graphical desktop","Health Research"
"832",25065311,"SSH connection and/or terminal","Social Sciences and Humanities"
"833",25065311,"Web browser","Social Sciences and Humanities"
"834",25065311,"Software","Social Sciences and Humanities"
"835",25073024,"SSH connection and/or terminal","Social Sciences and Humanities"
"836",25073024,"SSH connection and/or terminal","Social Sciences and Humanities"
"837",25073024,"A remote connection to a Graphical desktop","Social Sciences and Humanities"
"838",25073024,"A remote connection to a Graphical desktop","Social Sciences and Humanities"
"839",25073024,"Web browser","Social Sciences and Humanities"
"840",25073024,"Web browser","Social Sciences and Humanities"
"841",25073024,"Software","Social Sciences and Humanities"
"842",25073024,"Software","Social Sciences and Humanities"
"843",25073832,"SSH connection and/or terminal","Sciences and Engineering"
"844",25073832,"A remote connection to a Graphical desktop","Sciences and Engineering"
"845",25073832,"Web browser","Sciences and Engineering"
"846",25073832,"Software","Sciences and Engineering"
"847",25085275,"A remote connection to a Graphical desktop","Social Sciences and Humanities"
"848",25085275,"Web browser","Social Sciences and Humanities"
"849",25085275,"Software","Social Sciences and Humanities"
"850",25090587,"SSH connection and/or terminal","Sciences and Engineering"
"851",25090587,"A remote connection to a Graphical desktop","Sciences and Engineering"
"852",25090587,"Web browser","Sciences and Engineering"
"853",25090587,"Software","Sciences and Engineering"
"854",25092462,"A remote connection to a Graphical desktop","Health Research"
"855",25092462,"Web browser","Health Research"
"856",25092462,"Software","Health Research"
"857",25105753,"A remote connection to a Graphical desktop","Health Research"
"858",25105753,"API","Health Research"
"859",25105753,"Software","Health Research"
"860",25113676,"SSH connection and/or terminal","Social Sciences and Humanities"
"861",25113676,"SSH connection and/or terminal","Social Sciences and Humanities"
"862",25113676,"API","Social Sciences and Humanities"
"863",25113676,"API","Social Sciences and Humanities"
"864",25113676,"Web browser","Social Sciences and Humanities"
"865",25113676,"Web browser","Social Sciences and Humanities"
"866",25113676,"Software","Social Sciences and Humanities"
"867",25113676,"Software","Social Sciences and Humanities"
"868",25114242,"SSH connection and/or terminal","Social Sciences and Humanities"
"869",25114242,"A remote connection to a Graphical desktop","Social Sciences and Humanities"
"870",25114242,"API","Social Sciences and Humanities"
"871",25114242,"Web browser","Social Sciences and Humanities"
"872",25114242,"Software","Social Sciences and Humanities"
"873",25120747,"A remote connection to a Graphical desktop","Social Sciences and Humanities"
"874",25120747,"A remote connection to a Graphical desktop","Social Sciences and Humanities"
"875",25120747,"Web browser","Social Sciences and Humanities"
"876",25120747,"Web browser","Social Sciences and Humanities"
"877",25120747,"Software","Social Sciences and Humanities"
"878",25120747,"Software","Social Sciences and Humanities"
"879",25129461,"Software","Social Sciences and Humanities"
"880",25129461,"Not sure","Social Sciences and Humanities"
"881",25139773,"SSH connection and/or terminal","Sciences and Engineering"
"882",25139773,"A remote connection to a Graphical desktop","Sciences and Engineering"
"883",25139773,"API","Sciences and Engineering"
"884",25139773,"Web browser","Sciences and Engineering"
"885",25139773,"Software","Sciences and Engineering"
"886",25147191,"SSH connection and/or terminal","Social Sciences and Humanities"
"887",25147191,"A remote connection to a Graphical desktop","Social Sciences and Humanities"
"888",25147191,"API","Social Sciences and Humanities"
"889",25147191,"Web browser","Social Sciences and Humanities"
"890",25147191,"Software","Social Sciences and Humanities"
"891",25156090,"Web browser","Health Research"
"892",25156090,"Software","Health Research"
"893",25167544,"A remote connection to a Graphical desktop","Health Research"
"894",25167544,"A remote connection to a Graphical desktop","Social Sciences and Humanities"
"895",25167544,"Web browser","Health Research"
"896",25167544,"Web browser","Social Sciences and Humanities"
"897",25167544,"Software","Health Research"
"898",25167544,"Software","Social Sciences and Humanities"
"899",25214191,"SSH connection and/or terminal","Sciences and Engineering"
"900",25214191,"A remote connection to a Graphical desktop","Sciences and Engineering"
"901",25214191,"API","Sciences and Engineering"
"902",25214191,"Web browser","Sciences and Engineering"
"903",25214191,"Software","Sciences and Engineering"
"904",25217008,"Web browser","Health Research"
"905",25217008,"Software","Health Research"
"906",25224607,"SSH connection and/or terminal","Sciences and Engineering"
"907",25224607,"A remote connection to a Graphical desktop","Sciences and Engineering"
"908",25224607,"API","Sciences and Engineering"
"909",25224607,"Web browser","Sciences and Engineering"
"910",25224607,"Software","Sciences and Engineering"
"911",25225257,"SSH connection and/or terminal","Sciences and Engineering"
"912",25225257,"SSH connection and/or terminal","Sciences and Engineering"
"913",25225257,"SSH connection and/or terminal","Health Research"
"914",25225257,"A remote connection to a Graphical desktop","Sciences and Engineering"
"915",25225257,"A remote connection to a Graphical desktop","Sciences and Engineering"
"916",25225257,"A remote connection to a Graphical desktop","Health Research"
"917",25225257,"API","Sciences and Engineering"
"918",25225257,"API","Sciences and Engineering"
"919",25225257,"API","Health Research"
"920",25225257,"Web browser","Sciences and Engineering"
"921",25225257,"Web browser","Sciences and Engineering"
"922",25225257,"Web browser","Health Research"
"923",25225257,"Software","Sciences and Engineering"
"924",25225257,"Software","Sciences and Engineering"
"925",25225257,"Software","Health Research"
"926",25226342,"SSH connection and/or terminal","Sciences and Engineering"
"927",25226342,"SSH connection and/or terminal","Health Research"
"928",25226342,"A remote connection to a Graphical desktop","Sciences and Engineering"
"929",25226342,"A remote connection to a Graphical desktop","Health Research"
"930",25226342,"API","Sciences and Engineering"
"931",25226342,"API","Health Research"
"932",25226342,"Web browser","Sciences and Engineering"
"933",25226342,"Web browser","Health Research"
"934",25229330,"Not sure","Health Research"
"935",25260484,"Web browser","Health Research"
"936",25260484,"Web browser","Social Sciences and Humanities"
"937",25290584,"Software","Sciences and Engineering"
"938",25290584,"Software","Social Sciences and Humanities"
"939",25290584,"Software","Other"
"940",25352640,"SSH connection and/or terminal","Sciences and Engineering"
"941",25352640,"A remote connection to a Graphical desktop","Sciences and Engineering"
"942",25352640,"API","Sciences and Engineering"
"943",25352640,"Web browser","Sciences and Engineering"
"944",25352640,"Software","Sciences and Engineering"
"945",25367589,"A remote connection to a Graphical desktop","Health Research"
"946",25367589,"API","Health Research"
"947",25367589,"Web browser","Health Research"
"948",25367589,"Software","Health Research"
"949",25037389,"Web browser","Health Research"
"950",25063174,"SSH connection and/or terminal","Sciences and Engineering"
"951",25063174,"A remote connection to a Graphical desktop","Sciences and Engineering"
"952",25063174,"Software","Sciences and Engineering"
"953",25071463,"SSH connection and/or terminal","Sciences and Engineering"
"954",25071463,"Web browser","Sciences and Engineering"
"955",25071463,"Software","Sciences and Engineering"
"956",25072163,"SSH connection and/or terminal","Sciences and Engineering"
"957",25072163,"A remote connection to a Graphical desktop","Sciences and Engineering"
"958",25072163,"Software","Sciences and Engineering"
"959",25080245,"SSH connection and/or terminal","Sciences and Engineering"
"960",25091613,"SSH connection and/or terminal","Health Research"
"961",25091613,"A remote connection to a Graphical desktop","Health Research"
"962",25091613,"Web browser","Health Research"
"963",25091613,"Software","Health Research"
"964",25209860,"SSH connection and/or terminal","Sciences and Engineering"
"965",25214158,"SSH connection and/or terminal","Sciences and Engineering"
"966",25224608,"SSH connection and/or terminal","Sciences and Engineering"
"967",25224608,"API","Sciences and Engineering"
"968",25224608,"Web browser","Sciences and Engineering"
"969",25224608,"Software","Sciences and Engineering"
"970",25224663,"SSH connection and/or terminal","Sciences and Engineering"
"971",25224663,"API","Sciences and Engineering"
"972",25224663,"Web browser","Sciences and Engineering"
"973",25224722,"SSH connection and/or terminal","Sciences and Engineering"
"974",25225044,"SSH connection and/or terminal","Sciences and Engineering"
"975",25225044,"API","Sciences and Engineering"
"976",25225802,"SSH connection and/or terminal","Sciences and Engineering"
"977",25225802,"SSH connection and/or terminal","Health Research"
"978",25228239,"SSH connection and/or terminal","Sciences and Engineering"
"979",25228239,"A remote connection to a Graphical desktop","Sciences and Engineering"
"980",25232183,"SSH connection and/or terminal","Sciences and Engineering"
"981",25232183,"SSH connection and/or terminal","Other"
"982",25232183,"A remote connection to a Graphical desktop","Sciences and Engineering"
"983",25232183,"A remote connection to a Graphical desktop","Other"
"984",25232183,"API","Sciences and Engineering"
"985",25232183,"API","Other"
"986",25232183,"Software","Sciences and Engineering"
"987",25232183,"Software","Other"
"988",25275359,"A remote connection to a Graphical desktop","Sciences and Engineering"
"989",25275359,"A remote connection to a Graphical desktop","Health Research"
"990",25275359,"Software","Sciences and Engineering"
"991",25275359,"Software","Health Research"
"992",25275359,"Not sure","Sciences and Engineering"
"993",25275359,"Not sure","Health Research"
"994",25275366,"SSH connection and/or terminal","Health Research"
"995",25275366,"A remote connection to a Graphical desktop","Health Research"
"996",25275366,"Web browser","Health Research"
"997",25275366,"Software","Health Research"
"998",25281424,"SSH connection and/or terminal","Sciences and Engineering"
"999",25281424,"SSH connection and/or terminal","Health Research"
"1000",25281424,"A remote connection to a Graphical desktop","Sciences and Engineering"
"1001",25281424,"A remote connection to a Graphical desktop","Health Research"
"1002",25281424,"API","Sciences and Engineering"
"1003",25281424,"API","Health Research"
"1004",25281424,"Web browser","Sciences and Engineering"
"1005",25281424,"Web browser","Health Research"
"1006",25281424,"Software","Sciences and Engineering"
"1007",25281424,"Software","Health Research"
"1008",25291966,"SSH connection and/or terminal","Sciences and Engineering"
"1009",25291966,"SSH connection and/or terminal","Sciences and Engineering"
"1010",25291966,"Software","Sciences and Engineering"
"1011",25291966,"Software","Sciences and Engineering"
"1012",25295852,"SSH connection and/or terminal","Health Research"
"1013",25295852,"API","Health Research"
"1014",25295852,"Software","Health Research"
"1015",25303606,"SSH connection and/or terminal","Sciences and Engineering"
"1016",25037413,"SSH connection and/or terminal","Sciences and Engineering"
"1017",25037413,"A remote connection to a Graphical desktop","Sciences and Engineering"
"1018",25037413,"API","Sciences and Engineering"
"1019",25037413,"Web browser","Sciences and Engineering"
"1020",25037413,"Software","Sciences and Engineering"
"1021",25060844,"API","Health Research"
"1022",25060844,"Web browser","Health Research"
"1023",25060844,"Software","Health Research"
"1024",25086851,"SSH connection and/or terminal","Sciences and Engineering"
"1025",25086851,"A remote connection to a Graphical desktop","Sciences and Engineering"
"1026",25086851,"Web browser","Sciences and Engineering"
"1027",25086851,"Software","Sciences and Engineering"
"1028",25103584,"A remote connection to a Graphical desktop","Sciences and Engineering"
"1029",25113679,"A remote connection to a Graphical desktop","Social Sciences and Humanities"
"1030",25113679,"Web browser","Social Sciences and Humanities"
"1031",25113679,"Software","Social Sciences and Humanities"
"1032",25146089,"A remote connection to a Graphical desktop","Social Sciences and Humanities"
"1033",25146089,"API","Social Sciences and Humanities"
"1034",25146089,"Web browser","Social Sciences and Humanities"
"1035",25146089,"Software","Social Sciences and Humanities"
"1036",25233778,"SSH connection and/or terminal","Sciences and Engineering"
"1037",25233778,"A remote connection to a Graphical desktop","Sciences and Engineering"
"1038",25233778,"Web browser","Sciences and Engineering"
"1039",25233778,"Software","Sciences and Engineering"
"1040",25262662,"Web browser","Social Sciences and Humanities"
"1041",25262662,"Software","Social Sciences and Humanities"
"1042",25398463,"Web browser","Social Sciences and Humanities"
"1043",25398463,"Software","Social Sciences and Humanities"
"1044",25044134,"Web browser","Health Research"
"1045",25044134,"Software","Health Research"
"1046",25049017,"SSH connection and/or terminal","Sciences and Engineering"
"1047",25049017,"SSH connection and/or terminal","Sciences and Engineering"
"1048",25049017,"SSH connection and/or terminal","Health Research"
"1049",25049017,"Web browser","Sciences and Engineering"
"1050",25049017,"Web browser","Sciences and Engineering"
"1051",25049017,"Web browser","Health Research"
"1052",25049017,"Software","Sciences and Engineering"
"1053",25049017,"Software","Sciences and Engineering"
"1054",25049017,"Software","Health Research"
"1055",25086970,"SSH connection and/or terminal","Sciences and Engineering"
"1056",25086970,"A remote connection to a Graphical desktop","Sciences and Engineering"
"1057",25086970,"API","Sciences and Engineering"
"1058",25086970,"Web browser","Sciences and Engineering"
"1059",25086970,"Software","Sciences and Engineering"
"1060",25118355,"Software","Social Sciences and Humanities"
"1061",25136265,"API","Health Research"
"1062",25136265,"Software","Health Research"
"1063",25180165,"A remote connection to a Graphical desktop","Health Research"
"1064",25180165,"Web browser","Health Research"
"1065",25180165,"Software","Health Research"
"1066",25189499,"SSH connection and/or terminal","Social Sciences and Humanities"
"1067",25189499,"A remote connection to a Graphical desktop","Social Sciences and Humanities"
"1068",25189499,"API","Social Sciences and Humanities"
"1069",25189499,"Web browser","Social Sciences and Humanities"
"1070",25189499,"Software","Social Sciences and Humanities"
"1071",25224989,"SSH connection and/or terminal","Social Sciences and Humanities"
"1072",25253015,"SSH connection and/or terminal","Sciences and Engineering"
"1073",25253015,"A remote connection to a Graphical desktop","Sciences and Engineering"
"1074",25253015,"API","Sciences and Engineering"
"1075",25253015,"Web browser","Sciences and Engineering"
"1076",25286438,"SSH connection and/or terminal","Social Sciences and Humanities"
"1077",25286438,"SSH connection and/or terminal","Social Sciences and Humanities"
"1078",25286438,"Web browser","Social Sciences and Humanities"
"1079",25286438,"Web browser","Social Sciences and Humanities"
"1080",25286438,"Software","Social Sciences and Humanities"
"1081",25286438,"Software","Social Sciences and Humanities"
"1082",25297915,"SSH connection and/or terminal","Social Sciences and Humanities"
"1083",25297915,"API","Social Sciences and Humanities"
"1084",25297915,"Web browser","Social Sciences and Humanities"
"1085",25298132,"SSH connection and/or terminal","Sciences and Engineering"
"1086",25298132,"A remote connection to a Graphical desktop","Sciences and Engineering"
"1087",25298132,"API","Sciences and Engineering"
"1088",25298132,"Web browser","Sciences and Engineering"
"1089",25298132,"Software","Sciences and Engineering"
"1090",25331807,"SSH connection and/or terminal","Health Research"
"1091",25331807,"API","Health Research"
"1092",25352874,"SSH connection and/or terminal","Sciences and Engineering"
"1093",25352874,"A remote connection to a Graphical desktop","Sciences and Engineering"
"1094",25352874,"API","Sciences and Engineering"
"1095",25352874,"Web browser","Sciences and Engineering"
"1096",25352874,"Software","Sciences and Engineering"
"1097",25132106,"SSH connection and/or terminal","Health Research"
"1098",25132106,"SSH connection and/or terminal","Social Sciences and Humanities"
"1099",25132106,"A remote connection to a Graphical desktop","Health Research"
"1100",25132106,"A remote connection to a Graphical desktop","Social Sciences and Humanities"
"1101",25132106,"Web browser","Health Research"
"1102",25132106,"Web browser","Social Sciences and Humanities"
"1103",25132106,"Software","Health Research"
"1104",25132106,"Software","Social Sciences and Humanities"
"1105",25301677,"Software","Health Research"
"1106",25098343,"Web browser","Social Sciences and Humanities"
"1107",25098343,"Software","Social Sciences and Humanities"
"1108",24966521,"SSH connection and/or terminal","Social Sciences and Humanities"
"1109",24966521,"Web browser","Social Sciences and Humanities"
"1110",25059171,"SSH connection and/or terminal",NA
"1111",25059171,"A remote connection to a Graphical desktop",NA
"1112",25059171,"Web browser",NA
"1113",25059171,"Software",NA
"1114",25080064,"Software","Other"
"1115",25107355,"SSH connection and/or terminal","Health Research"
"1116",25107355,"API","Health Research"
"1117",25107355,"Web browser","Health Research"
"1118",25107355,"Software","Health Research"
"1119",25127861,"Web browser","Sciences and Engineering"
"1120",25127861,"Web browser","Sciences and Engineering"
"1121",25127861,"Web browser","Social Sciences and Humanities"
"1122",25127861,"Web browser","Social Sciences and Humanities"
"1123",25127861,"Software","Sciences and Engineering"
"1124",25127861,"Software","Sciences and Engineering"
"1125",25127861,"Software","Social Sciences and Humanities"
"1126",25127861,"Software","Social Sciences and Humanities"
"1127",25186199,"SSH connection and/or terminal","Other"
"1128",25186199,"A remote connection to a Graphical desktop","Other"
"1129",25186199,"API","Other"
"1130",25186199,"Web browser","Other"
"1131",25186199,"Software","Other"
"1132",25253792,"A remote connection to a Graphical desktop","Sciences and Engineering"
"1133",25253792,"A remote connection to a Graphical desktop","Sciences and Engineering"
"1134",25253792,"A remote connection to a Graphical desktop","Health Research"
"1135",25253792,"A remote connection to a Graphical desktop","Social Sciences and Humanities"
"1136",25253792,"A remote connection to a Graphical desktop","Social Sciences and Humanities"
"1137",25253792,"A remote connection to a Graphical desktop","Other"
"1138",25253792,"API","Sciences and Engineering"
"1139",25253792,"API","Sciences and Engineering"
"1140",25253792,"API","Health Research"
"1141",25253792,"API","Social Sciences and Humanities"
"1142",25253792,"API","Social Sciences and Humanities"
"1143",25253792,"API","Other"
"1144",25253792,"Web browser","Sciences and Engineering"
"1145",25253792,"Web browser","Sciences and Engineering"
"1146",25253792,"Web browser","Health Research"
"1147",25253792,"Web browser","Social Sciences and Humanities"
"1148",25253792,"Web browser","Social Sciences and Humanities"
"1149",25253792,"Web browser","Other"
"1150",25253792,"Software","Sciences and Engineering"
"1151",25253792,"Software","Sciences and Engineering"
"1152",25253792,"Software","Health Research"
"1153",25253792,"Software","Social Sciences and Humanities"
"1154",25253792,"Software","Social Sciences and Humanities"
"1155",25253792,"Software","Other"
"1156",25270225,"SSH connection and/or terminal","Social Sciences and Humanities"
"1157",25270225,"A remote connection to a Graphical desktop","Social Sciences and Humanities"
"1158",25270225,"Web browser","Social Sciences and Humanities"
"1159",25270225,"Software","Social Sciences and Humanities"
"1160",25277496,"SSH connection and/or terminal","Health Research"
"1161",25277496,"A remote connection to a Graphical desktop","Health Research"
"1162",25277496,"Web browser","Health Research"
"1163",25277496,"Software","Health Research"
"1164",25298749,"SSH connection and/or terminal","Health Research"
"1165",25298749,"A remote connection to a Graphical desktop","Health Research"
"1166",25298749,"Software","Health Research"
"1167",25343203,"SSH connection and/or terminal","Other"
"1168",25343203,"API","Other"
"1169",25343203,"Web browser","Other"
"1170",25343203,"Software","Other"
"1171",25362061,"SSH connection and/or terminal","Sciences and Engineering"
"1172",25362061,"SSH connection and/or terminal","Sciences and Engineering"
"1173",25362061,"SSH connection and/or terminal","Health Research"
"1174",25362061,"SSH connection and/or terminal","Sciences and Engineering"
"1175",25362061,"SSH connection and/or terminal","Social Sciences and Humanities"
"1176",25362061,"SSH connection and/or terminal","Social Sciences and Humanities"
"1177",25362061,"A remote connection to a Graphical desktop","Sciences and Engineering"
"1178",25362061,"A remote connection to a Graphical desktop","Sciences and Engineering"
"1179",25362061,"A remote connection to a Graphical desktop","Health Research"
"1180",25362061,"A remote connection to a Graphical desktop","Sciences and Engineering"
"1181",25362061,"A remote connection to a Graphical desktop","Social Sciences and Humanities"
"1182",25362061,"A remote connection to a Graphical desktop","Social Sciences and Humanities"
"1183",25362061,"Web browser","Sciences and Engineering"
"1184",25362061,"Web browser","Sciences and Engineering"
"1185",25362061,"Web browser","Health Research"
"1186",25362061,"Web browser","Sciences and Engineering"
"1187",25362061,"Web browser","Social Sciences and Humanities"
"1188",25362061,"Web browser","Social Sciences and Humanities"
"1189",25362061,"Software","Sciences and Engineering"
"1190",25362061,"Software","Sciences and Engineering"
"1191",25362061,"Software","Health Research"
"1192",25362061,"Software","Sciences and Engineering"
"1193",25362061,"Software","Social Sciences and Humanities"
"1194",25362061,"Software","Social Sciences and Humanities"
"1195",25063607,"SSH connection and/or terminal",NA
"1196",25063607,"A remote connection to a Graphical desktop",NA
"1197",25063607,"API",NA
"1198",25063607,"Web browser",NA
"1199",25063607,"Software",NA
